,Departamento,Municipio,Ciclo,Sexo,Casos
0,SANTANDER,BUCARAMANGA,Adolescencia,Femenino,696
1,SANTANDER,BUCARAMANGA,Adolescencia,Masculino,143
2,SANTANDER,BUCARAMANGA,Adultez,Femenino,1057
3,SANTANDER,BUCARAMANGA,Adultez,Masculino,195
4,SANTANDER,BUCARAMANGA,Infancia,Femenino,1527
5,SANTANDER,BUCARAMANGA,Infancia,Masculino,1017
6,SANTANDER,BUCARAMANGA,Jovenes,Femenino,1226
7,SANTANDER,BUCARAMANGA,Jovenes,Masculino,151
8,SANTANDER,BUCARAMANGA,Persona Mayor,Femenino,155
9,SANTANDER,BUCARAMANGA,Persona Mayor,Masculino,86
10,SANTANDER,BUCARAMANGA,Primera infancia,Femenino,1131
11,SANTANDER,BUCARAMANGA,Primera infancia,Masculino,1190
12,SANTANDER,FLORIDABLANCA,Adolescencia,Femenino,8
13,SANTANDER,FLORIDABLANCA,Adolescencia,Masculino,1
14,SANTANDER,FLORIDABLANCA,Adultez,Femenino,8
15,SANTANDER,FLORIDABLANCA,Adultez,Masculino,1
16,SANTANDER,FLORIDABLANCA,Infancia,Femenino,13
17,SANTANDER,FLORIDABLANCA,Infancia,Masculino,4
18,SANTANDER,FLORIDABLANCA,Jovenes,Femenino,12
19,SANTANDER,FLORIDABLANCA,Jovenes,Masculino,2
20,SANTANDER,FLORIDABLANCA,Persona Mayor,Femenino,1
21,SANTANDER,FLORIDABLANCA,Persona Mayor,Masculino,1
22,SANTANDER,FLORIDABLANCA,Primera infancia,Femenino,3
23,SANTANDER,FLORIDABLANCA,Primera infancia,Masculino,3
24,SANTANDER,GIRON,Adolescencia,Femenino,3
25,SANTANDER,GIRON,Adolescencia,Masculino,2
26,SANTANDER,GIRON,Adultez,Femenino,9
27,SANTANDER,GIRON,Adultez,Masculino,2
28,SANTANDER,GIRON,Infancia,Femenino,9
29,SANTANDER,GIRON,Infancia,Masculino,2
30,SANTANDER,GIRON,Jovenes,Femenino,14
31,SANTANDER,GIRON,Jovenes,Masculino,2
32,SANTANDER,GIRON,Persona Mayor,Femenino,2
33,SANTANDER,GIRON,Persona Mayor,Masculino,0
34,SANTANDER,GIRON,Primera infancia,Femenino,3
35,SANTANDER,GIRON,Primera infancia,Masculino,2
36,SANTANDER,PIEDECUESTA,Adolescencia,Femenino,2
37,SANTANDER,PIEDECUESTA,Adolescencia,Masculino,0
38,SANTANDER,PIEDECUESTA,Adultez,Femenino,1
39,SANTANDER,PIEDECUESTA,Adultez,Masculino,0
40,SANTANDER,PIEDECUESTA,Infancia,Femenino,7
41,SANTANDER,PIEDECUESTA,Infancia,Masculino,4
42,SANTANDER,PIEDECUESTA,Jovenes,Femenino,6
43,SANTANDER,PIEDECUESTA,Jovenes,Masculino,0
44,SANTANDER,PIEDECUESTA,Primera infancia,Femenino,0
45,SANTANDER,PIEDECUESTA,Primera infancia,Masculino,1
